topic,specialty
Abdominal Disorders,"('gastroenterologist',)"
Abscess - Dental,"('dentist',)"
Abscess - Non-dental,"('general_surgeon',)"
Abuse,"('psychiatrist',)"
Accidents and Injuries,"('orthopedic_surgeon',)"
ACE Inhibitors,"('remove',)"
Acebutolol,"('remove',)"
Acenocoumarol,"('remove',)"
Achalasia,"('gastroenterologist',)"
Achilles Tendon Problems,"('orthopedic_surgeon',)"
Acid Reflux,"('gastroenterologist',)"
Acne,"('dermatologist',)"
Acoustic Neuroma,"('neurosurgeon',)"
Acromegaly,"('endocrinologist',)"
Actinomyces,"('infection_disease',)"
Acupan,"('remove',)"
Acupuncture,"('remove',)"
Addisons Disease,"('endocrinologist',)"
ADHD,"('psychiatrist',)"
Adhesive Capsulitis Of Shoulder,"('orthopedic_surgeon',)"
Adrenal Disorders,"('endocrinologist',)"
Adult Respiratory Distress Syndrome,"('pulmonologist',)"
Agoraphobia,"('psychiatrist',)"
Akathisia,"('neurologist',)"
Alclometasone,"('remove',)"
Alcohol Consumption,"('psychiatrist',)"
Alendronic Acid,"('remove',)"
Allergic Disorders,"('allergist',)"
Allergic Rhinitis (Hay Fever),"('allergist',)"
Alli,"('remove',)"
Allowances and Benefits,"('remove',)"
Alopecia and Hair Disorders,"('dermatologist',)"
Alpha 1-antitrypsin Deficiency,"('pulmonologist',)"
Altace,"('remove',)"
Alternative and Complementary Medicine,"('remove',)"
Alveolitis,"('pulmonologist',)"
Alzain,"('remove',)"
Alzheimer's Disease,"('neurologist',)"
Amblyopia,"('ophthalmologist',)"
Amenorrhoea,"('o&g',)"
Amfetamine Abuse,"('psychiatrist',)"
Amiloride,"('remove',)"
Amiodarone,"('remove',)"
Amisulpride,"('remove',)"
Amitriptyline,"('remove',)"
Amlodipine,"('remove',)"
Amoebiasis,"('infection_disease',)"
Amoxicillin,"('remove',)"
Ampicillin,"('remove',)"
Amyloidosis,"('oncologist',)"
Anaemia,"('hematologist',)"
Anaemia - Iron Deficiency,"('hematologist',)"
Anaemia - Megaloblastic,"('hematologist',)"
Anaemia - Pernicious,"('hematologist',)"
Anaesthetics,"('remove',)"
Anal Fissure and Proctalgia,"('general_surgeon',)"
Anal Fistula,"('general_surgeon',)"
Anaphylaxis,"('allergist',)"
Anger,"('psychiatrist',)"
Angina,"('cardiologist',)"
Angio-oedema,"('allergist',)"
Angiotensin II Receptor Blockers,"('remove',)"
Ankle Problems,"('orthopedic_surgeon',)"
Ankylosing Spondylitis,"('rheumatologist',)"
Anogenital Warts,"('dermatologist',)"
Anorexia Nervosa ,"('psychiatrist',)"
Antabuse,"('remove',)"
Antenatal Investigations,"('o&g',)"
Antibiotics,"('remove',)"
Anticoagulants,"('remove',)"
Antifungal Medication,"('remove',)"
Antiphospholipid Syndrome,"('rheumatologist',)"
Antiplatelet Drugs,"('remove',)"
Anxiety Disorders,"('psychiatrist',)"
Aortic Aneurysm and Dissection,"('cardiacthoracic_surgeon',)"
Aphasia,"('neurologist',)"
Apixaban,"('remove',)"
Appendicitis,"('general_surgeon',)"
Appetite Loss,"('psychiatrist',)"
Arkolamyl,"('remove',)"
ARMD - Age-related Macular Degeneration,"('ophthalmologist',)"
Arnold-Chiari Malformation,"('neurosurgeon',)"
Aromatherapy,"('remove',)"
Arrhythmias,"('cardiologist',)"
Arthritis,"('rheumatologist',)"
Arthritis - Osteoarthritis,"('orthopedic_surgeon',)"
Arthritis - Psoriatic,"('rheumatologist',)"
Arthritis - Reactive,"('rheumatologist',)"
Arthritis - Rheumatoid,"('rheumatologist',)"
Arthroscopy,"('orthopedic_surgeon',)"
Asbestos Lung Disease,"('pulmonologist',)"
Asperger Syndrome,"('psychiatrist',)"
Aspergillosis,"('infection_disease',)"
Aspirin to prevent blood clots,"('remove',)"
Asthma,"('pulmonologist',)"
Astigmatism,"('ophthalmologist',)"
Ataxia,"('neurologist',)"
Atenolol,"('remove',)"
Athlete's Foot,"('dermatologist',)"
Atopic Eczema/Dermatitis,"('dermatologist',)"
Atorvastatin,"('remove',)"
Atrial Fibrillation And Flutter,"('cardiologist',)"
Atrial Septal Defect,"('cardiacthoracic_surgeon',)"
Atrophic Vaginitis,"('urogyn',)"
Augmentin,"('remove',)"
Autistic Spectrum Disorders,"('psychiatrist',)"
Autoimmune Disorders,"('rheumatologist',)"
Autonomic Dysfunction,"('neurologist',)"
Azithromycin,"('remove',)"
B12 Deficiency,"('hematologist',)"
Baby and Infants ,"('paediatrician',)"
Backache,"('orthopedic_surgeon',)"
Baclofen,"('remove',)"
Bacterial Vaginosis,"('urogyn',)"
Bad Breath,"('dentist',)"
Baker's Cyst,"('orthopedic_surgeon',)"
Balanitis,"('urologist',)"
"Barium Enema, Meal and Swallow","('remove',)"
Barrett's Oesophagus,"('gastroenterologist',)"
Bartholin's Cyst,"('urogyn',)"
Bartonella Infections,"('infection_disease',)"
Beclomethasone,"('remove',)"
Bed Sores,"('dermatologist',)"
Bedwetting,"('paediatrician',)"
Behaviour Problems In Children,"('psychiatrist',)"
Behcet's Disease,"('rheumatologist',)"
Bell's Palsy,"('neurologist',)"
Benazepril,"('remove',)"
Bendroflumethiazide,"('remove',)"
Benefits and Allowances,"('remove',)"
Benign Intracranial Hypertension,"('neurologist',)"
Benign Postural Vertigo,"('otolaryngologist',)"
Benign Prostatic Hyperplasia,"('urologist',)"
Benzodiazepines and Z Drugs,"('remove',)"
Bereavement,"('psychiatrist',)"
Beriberi,"('endocrinologist',)"
Beta-blocker - Bisoprolol,"('remove',)"
Beta-blocker - Propranolol,"('remove',)"
Beta-blockers - others,"('remove',)"
Betamethasone,"('remove',)"
Biopsies,"('remove',)"
Bipolar Affective Disorder,"('psychiatrist',)"
Bisoprolol,"('remove',)"
Bites or Stings,"('dermatologist',)"
Blackouts,"('neurologist',)"
Bladder Problems,"('urologist',)"
Bleeding Disorders,"('hematologist',)"
Blepharitis,"('ophthalmologist',)"
Blepharospasm,"('ophthalmologist',)"
Blood Pressure High,"('cardiologist',)"
Blood Sugar Disorders,"('endocrinologist',)"
Blood Test - General,"('remove',)"
Blood Test - Liver Function,"('nephrologist',)"
Blood Transfusion,"('remove',)"
Body Dysmorphic Disorder,"('psychiatrist',)"
Boils,"('general_surgeon',)"
Bone Disorders,"('orthopedic_surgeon',)"
Bone Marrow Disorders,"('hematologist',)"
Borderline Personality Disorder,"('psychiatrist',)"
Bowel Cancer,"('general_surgeon',)"
Bowel Disorders,"('gastroenterologist',)"
Bowen's Disease,"('dermatologist',)"
Bradycardia,"('cardiologist',)"
Brain Tumour,"('neurosurgeon',)"
Breast Cancer and Screening,"('breast_surgeon',)"
"Breast Pain, Lumps and Disorders","('breast_surgeon',)"
Breathing Difficulties,"('pulmonologist',)"
Bronchiectasis,"('pulmonologist',)"
Bronchiolitis,"('pulmonologist',)"
Bronchitis - Acute,"('pulmonologist',)"
Bronchitis - Chronic,"('pulmonologist',)"
Brucellosis,"('infection_disease',)"
Buccastem,"('remove',)"
Budd-Chiari Syndrome,"('gastroenterologist',)"
Budesonide,"('remove',)"
Buerger's Disease,"('rheumatologist',)"
Bulimia,"('psychiatrist',)"
Bullying,"('psychiatrist',)"
Bumetanide,"('remove',)"
Bunions,"('orthopedic_surgeon',)"
Buprenorphine for addiction treatment,"('remove',)"
Burns and Scalds,"('remove',)"
BuTrans patches (Buprenorphine for pain),"('remove',)"
Cachexia,"('remove',)"
Calcium Levels,"('remove',)"
Calcium-channel Blockers,"('remove',)"
Campylobacter,"('infection_disease',)"
Cancer,"('oncologist',)"
Cancer - Bowel,"('general_surgeon',)"
Cancer - Breast,"('breast_surgeon',)"
Cancer - Cervical,"('urogyn',)"
Cancer - Oesophageal,"('general_surgeon',)"
Cancer - Prostate,"('urologist',)"
Candesartan,"('remove',)"
Candida - Genital,"('dermatologist',)"
Cannabis Dependence,"('remove',)"
Captopril,"('remove',)"
Carbimazole,"('remove',)"
Carbuncles,"('dermatologist',)"
Carcinoma,"('oncologist',)"
Cardiac Arrhythmias,"('cardiologist',)"
Cardiac Enzymes,"('cardiologist',)"
Cardiac Syndrome X,"('cardiologist',)"
Cardicor,"('remove',)"
Cardiomyopathy,"('cardiologist',)"
Cardiovascular Disorders,"('cardiologist',)"
Cardozin,"('remove',)"
Cardura,"('remove',)"
Carer's Allowance,"('remove',)"
Carpal Tunnel,"('orthopedic_surgeon',)"
Carvedilol,"('remove',)"
CAT/CT Scan,"('remove',)"
Cataract,"('ophthalmologist',)"
Cauda Equina Syndrome,"('neurosurgeon',)"
Cefaclor,"('remove',)"
Cefadroxil,"('remove',)"
Cefalexin,"('remove',)"
Cefixime,"('remove',)"
Cefpodoxime,"('remove',)"
Cefradine,"('remove',)"
Cellulitis,"('dermatologist',)"
Cerebral Palsy,"('neurologist',)"
Cerebrospinal Fluid Examination,"('neurosurgeon',)"
Cervical Dystonia,"('neurologist',)"
Cervical Lymphadenopathy,"('hematologist',)"
Cervical Rib Syndrome,"('cardiacthoracic_surgeon',)"
Cervical Smear and Disorders,"('urogyn',)"
Cervical Spondylosis,"('neurologist',)"
Charcot Marie Tooth Disease,"('neurologist',)"
Chatroom,"('remove',)"
Chest Infection,"('pulmonologist',)"
Chest Pain,"('cardiologist',)"
Chiari Malformation,"('neurologist',)"
Chickenpox,"('infection_disease',)"
Chilblains,"('dermatologist',)"
Child Health,"('paediatrician',)"
Childhood Behaviour Problems,"('psychiatrist',)"
Childhood Immunisation,"('paediatrician',)"
Chiropractic,"('remove',)"
Chlamydia - Genital,"('urogyn',)"
Chloasma,"('dermatologist',)"
Chloramphenicol,"('remove',)"
Chlortalidone,"('remove',)"
Cholangiocarcinoma,"('general_surgeon',)"
Cholangitis,"('general_surgeon',)"
Cholelithiasis/Cholecystitis,"('general_surgeon',)"
Cholestasis,"('gastroenterologist',)"
Cholestasis - Obstetric,"('o&g',)"
Cholesteatoma,"('otolaryngologist',)"
Cholesterol Level,"('cardiologist',)"
Chondromalacia,"('orthopedic_surgeon',)"
Chorea,"('neurologist',)"
Chronic Fatigue Syndrome,"('neurologist',)"
Chronic Obstructive Pulmonary Disease,"('pulmonologist',)"
Chronic Pelvic Pain,"('o&g',)"
Churg-Strauss Syndrome,"('pulmonologist',)"
Cipralex,"('remove',)"
Ciprofloxacin,"('remove',)"
Circumcision,"('general_surgeon',)"
Cirrhosis of the Liver,"('gastroenterologist',)"
Citalopram,"('remove',)"
CKD - Chronic Kidney Disease,"('nephrologist',)"
Clarithromycin,"('remove',)"
Clindamycin,"('remove',)"
Clobetasol,"('remove',)"
Clomipramine,"('remove',)"
Clopidogrel,"('remove',)"
Clostridium Difficile,"('gastroenterologist',)"
Clotrimazole,"('remove',)"
Clotting Disorders,"('hematologist',)"
Club Foot,"('orthopedic_surgeon',)"
Clubbing (Fingers/Toes),"('remove',)"
Cluster Headaches,"('neurologist',)"
Coagulation Disorders,"('hematologist',)"
Co-amoxiclav,"('remove',)"
Cocaine Addiction,"('remove',)"
Co-codamol,"('remove',)"
Codeine,"('remove',)"
Codeine and Paracetamol (Co-codamol),"('remove',)"
Co-dydramol,"('remove',)"
Coeliac Disease,"('general_surgeon',)"
Co-fluampicil,"('remove',)"
Cognitive Impairment,"('neurologist',)"
Cold Sores,"('dermatologist',)"
Colic in Babies,"('paediatrician',)"
Colitis - Pseudomembranous ,"('gastroenterologist',)"
Colitis - Ulcerative,"('gastroenterologist',)"
Collapse,"('neurologist',)"
Colofac,"('remove',)"
Colonoscopy,"('gastroenterologist',)"
Colposcopy,"('o&g',)"
Coma,"('remove',)"
Combined Oral Contraceptives (COC),"('remove',)"
Common Cold,"('internal_medicine',)"
Common Variable Immunodeficiency,"('allergist',)"
Compartment Syndrome,"('orthopedic_surgeon',)"
Complementary Medicine,"('remove',)"
Complex Regional Pain Syndrome,"('neurologist',)"
Condoms,"('remove',)"
Congenital Disorders,"('paediatrician',)"
Congenital Hypothyroidism,"('paediatrician',)"
Congescor,"('remove',)"
Conjunctivitis,"('ophthalmologist',)"
Constipation,"('gastroenterologist',)"
Contact Dermatitis,"('dermatologist',)"
Contraception,"('remove',)"
COPD,"('pulmonologist',)"
Co-proxamol,"('remove',)"
Cordarone,"('remove',)"
Corneal Problems,"('ophthalmologist',)"
Corns,"('dermatologist',)"
Coronavirus (COVID-19),"('remove',)"
Cosmetic Surgery,"('plastic_surgeon',)"
Costochondritis and Tietze's Syndrome,"('internal_medicine',)"
Co-trimoxazole,"('remove',)"
Cough,"('internal_medicine',)"
Coversyl,"('remove',)"
Crabs (Pubic lice),"('dermatologist',)"
Cradle Cap,"('paediatrician',)"
Cramps,"('remove',)"
Cranial Diabetes Insipidus ,"('endocrinologist',)"
Crohn's Disease,"('gastroenterologist',)"
Croup,"('otolaryngologist',)"
Cryptogenic Fibrosing Alveolitis ,"('pulmonologist',)"
CSF Examination,"('remove',)"
Cubital Tunnel Syndrome,"('orthopedic_surgeon',)"
Cushing's Syndrome,"('endocrinologist',)"
Cyclizine,"('remove',)"
Cyclopenthiazide,"('remove',)"
Cymbalta,"('remove',)"
Cystic Fibrosis,"('pulmonologist',)"
Cystitis,"('urologist',)"
Cystoscopy,"('urologist',)"
Dabigatran,"('remove',)"
Dandruff,"('dermatologist',)"
Deafness,"('otolaryngologist',)"
Deep Vein Thrombosis,"('vascular_surgeon',)"
Deflazacort,"('remove',)"
Delirium,"('psychiatrist',)"
Dementia,"('neurologist',)"
Dengue Fever ,"('internal_medicine',)"
Dental Abscess,"('dentist',)"
Dental Problems,"('dentist',)"
Depression,"('psychiatrist',)"
Dermatitis And Eczema,"('dermatologist',)"
Dermatitis Herpetiformis,"('dermatologist',)"
Dermatology,"('dermatologist',)"
Dermatomyositis,"('dermatologist',)"
Developmental Dysplasia of the Hip,"('orthopedic_surgeon',)"
DEXA Scan,"('orthopedic_surgeon',)"
Dexamethasone,"('remove',)"
Dexketoprofen,"('remove',)"
Dextroscoliosis,"('orthopedic_surgeon',)"
DF 118 Forte,"('remove',)"
DHC Continus,"('remove',)"
Diabetes,"('endocrinologist',)"
Diagnostic Procedures,"('remove',)"
Dialysis - Kidney,"('nephrologist',)"
Diamorphine,"('remove',)"
Diaphragms and Caps,"('remove',)"
Diarrhoea,"('gastroenterologist',)"
Diazepam,"('remove',)"
Diclofenac,"('remove',)"
"Dietary, Nutrition and Exercise Advice","('remove',)"
Dieting,"('remove',)"
Difficile,"('gastroenterologist',)"
Difficulty Swallowing,"('otolaryngologist',)"
Diflucortolone,"('remove',)"
Digoxin,"('remove',)"
Dihydrocodeine,"('remove',)"
Diltiazem,"('remove',)"
Disc Prolapse,"('orthopedic_surgeon',)"
DISH (Diffuse Idiopathic Skeletal Hyperostosis),"('rheumatologist',)"
Dissecting Aortic Aneurysm,"('cardiacthoracic_surgeon',)"
Disulfiram,"('remove',)"
Diuretics,"('remove',)"
Diverticula,"('general_surgeon',)"
Dizziness,"('neurologist',)"
DLA - Disability Living Allowance,"('remove',)"
Domestic Violence,"('psychiatrist',)"
Dosulepin,"('remove',)"
Dothiepin,"('remove',)"
Down's Syndrome,"('paediatrician',)"
Doxazosin for High Blood Pressure,"('remove',)"
Doxazosin for Prostate Enlargement,"('remove',)"
Doxycycline,"('remove',)"
Drinking Problems,"('psychiatrist',)"
Drug Allergy,"('psychiatrist',)"
Drug Dependence,"('remove',)"
Dry Eyes,"('ophthalmologist',)"
Dry Mouth,"('internal_medicine',)"
Duchenne Muscular Dystrophy,"('neurologist',)"
Duloxetine,"('remove',)"
Duodenal Ulcer,"('general_surgeon',)"
Dupuytren's Contracture,"('orthopedic_surgeon',)"
Dust Mite Allergy,"('allergist',)"
DVLA - Fitness to Drive,"('remove',)"
Dysautonomia,"('neurologist',)"
Dyskinesia,"('neurologist',)"
Dyslexia,"('neurologist',)"
Dysmenorrhoea,"('urogyn',)"
Dyspareunia (Pain having sex),"('urogyn',)"
Dyspepsia,"('gastroenterologist',)"
Dysphagia,"('otolaryngologist',)"
Dysphasia,"('otolaryngologist',)"
Dyspraxia,"('neurologist',)"
Dystonia,"('neurosurgeon',)"
Dystonia - Cervical,"('neurosurgeon',)"
E coli ,"('remove',)"
Ear Problems,"('otolaryngologist',)"
Eating Disorders,"('psychiatrist',)"
Ebola Virus,"('infection_disease',)"
ECG - Electrocardiography,"('cardiologist',)"
Econazole,"('remove',)"
Ecthyma,"('dermatologist',)"
Ectopic Pregnancy,"('o&g',)"
Ectropion of Cervix,"('o&g',)"
Ectropion of Eye,"('ophthalmologist',)"
Eczema and Dermatitis,"('dermatologist',)"
Effexor,"('remove',)"
Ehlers Danlos Syndrome,"('remove',)"
Elbow Problems,"('orthopedic_surgeon',)"
Elderly Care,"('geriatrician',)"
Electrolyte Imbalance,"('internal_medicine',)"
Eletriptan,"('orthopedic_surgeon',)"
Eltroxin,"('remove',)"
Embolism,"('vascular_surgeon',)"
Emcor,"('remove',)"
Emergency Contraception,"('remove',)"
Emphysema,"('pulmonologist',)"
Enalapril,"('remove',)"
Encephalitis,"('neurologist',)"
Endocarditis,"('cardiologist',)"
Endometriosis,"('urogyn',)"
Endoscopy,"('gastroenterologist',)"
Eosinophilia,"('internal_medicine',)"
Epidermoid Cysts,"('dermatologist',)"
Epididymal Problems,"('urologist',)"
Epiglottitis,"('otolaryngologist',)"
Epilepsy and Non-epileptic seizures,"('neurologist',)"
Epistaxis,"('otolaryngologist',)"
Erectile Dysfunction,"('urologist',)"
Ergotamine,"('remove',)"
Erythema,"('dermatologist',)"
Erythema Infectiosum,"('dermatologist',)"
Erythromycin,"('remove',)"
ESA - Employment and Support Allowance,"('remove',)"
Escitalopram,"('remove',)"
Esomeprazole,"('remove',)"
ESR,"('remove',)"
Essential Tremor,"('neurologist',)"
Etodolac,"('remove',)"
Etoricoxib,"('remove',)"
Eumovate,"('remove',)"
Eustachian Tube Dysfunction,"('otolaryngologist',)"
Exercise Advice,"('remove',)"
Extra Rib,"('orthopedic_surgeon',)"
Extrinsic Allergic Alveolitis ,"('pulmonologist',)"
Eye - Blepharitis,"('ophthalmologist',)"
Eye - Cataract,"('ophthalmologist',)"
Eye - Glaucoma,"('ophthalmologist',)"
Eye Problems,"('ophthalmologist',)"
Ezetimibe,"('remove',)"
Faecal Incontinence,"('gastroenterologist',)"
Fainting,"('neurologist',)"
Fallot's Tetralogy,"('cardiologist',)"
Familial Hypercholesterolaemia,"('cardiologist',)"
Familial Mediterranean Fever,"('rheumatologist',)"
Fanconi's Anaemia,"('paediatrician',)"
Fanconi's Syndrome,"('paediatrician',)"
Favism,"('paediatrician',)"
Febrile Convulsion,"('paediatrician',)"
Felodipine,"('remove',)"
Female Sterilisation,"('remove',)"
Fentanyl,"('remove',)"
Fetal Alcohol Syndrome,"('o&g',)"
Fibroids,"('urogyn',)"
Fibromyalgia Syndrome,"('rheumatologist',)"
Fibrosing Alveolitis,"('pulmonologist',)"
Finger and Hand Problems,"('orthopedic_surgeon',)"
First Aid,"('remove',)"
Fissure in Ano,"('general_surgeon',)"
Fitness to Drive,"('remove',)"
,"('remove',)"
Flagyl,"('remove',)"
Flat Feet,"('orthopedic_surgeon',)"
Flecainide,"('remove',)"
Flomax,"('remove',)"
Floxapen,"('remove',)"
Flu and Flu Jab,"('remove',)"
Flucloxacillin,"('remove',)"
Fluconazole,"('remove',)"
Fludrocortisone,"('remove',)"
Fludroxycortide,"('remove',)"
Fluocinolone,"('remove',)"
Fluoroquinolone Antibiotics,"('remove',)"
Fluoxetine,"('remove',)"
Flupentixol,"('remove',)"
Fluphenazine,"('remove',)"
Flurazepam,"('remove',)"
Flurbiprofen,"('remove',)"
Fluticasone,"('remove',)"
Folate Deficiency,"('internal_medicine',)"
Folliculitis,"('dermatologist',)"
Food Allergy,"('allergist',)"
Food Intolerance,"('gastroenterologist',)"
Food Poisoning,"('gastroenterologist',)"
Foot and Toe Problems,"('orthopedic_surgeon',)"
Foreskin Problems,"('urologist',)"
Forestier's Disease,"('orthopedic_surgeon',)"
Fosamax,"('remove',)"
Fosinopril,"('remove',)"
Fractures,"('orthopedic_surgeon',)"
Frostbite,"('dermatologist',)"
Frozen Shoulder,"('orthopedic_surgeon',)"
Full Blood Count,"('remove',)"
Fungal and Yeast Infections,"('dermatologist',)"
Fungal Nail Infection,"('dermatologist',)"
Funnel Chest,"('orthopedic_surgeon',)"
Furosemide,"('remove',)"
Furunculosis,"('dermatologist',)"
Fusidic Acid,"('remove',)"
G6PD Deficiency,"('remove',)"
Gabapentin,"('remove',)"
Galactosemia,"('paediatrician',)"
Gallbladder Problems,"('gastroenterologist',)"
Ganglion,"('orthopedic_surgeon',)"
Gastric Band,"('general_surgeon',)"
Gastric Ulcer,"('gastroenterologist',)"
Gastritis,"('gastroenterologist',)"
Gastroenteritis,"('gastroenterologist',)"
Gastro-oesophageal Reflux Disease,"('gastroenterologist',)"
Gastroparesis,"('gastroenterologist',)"
Gastroscopy,"('gastroenterologist',)"
Gaucher's Disease,"('paediatrician',)"
Gavilast,"('remove',)"
GCA - Giant Cell Arteritis,"('rheumatologist',)"
Gender Dysphoria,"('psychiatrist',)"
General Health,"('internal_medicine',)"
Generalised Anxiety Disorder,"('psychiatrist',)"
Genetic Disorders,"('internal_medicine',)"
Genital Herpes Simplex,"('dermatologist',)"
Genital Thrush,"('dermatologist',)"
Genital Warts,"('dermatologist',)"
Genitourinary Prolapse,"('urogyn',)"
Gentamicin,"('remove',)"
GERD,"('gastroenterologist',)"
Getting Pregnant,"('o&g',)"
Gilberts Syndrome,"('internal_medicine',)"
Glandular Fever,"('infection_disease',)"
Glaucoma,"('ophthalmologist',)"
Gliclazide,"('remove',)"
Gliomas,"('neurosurgeon',)"
Globus Sensation,"('psychiatrist',)"
Glomerulonephritis,"('nephrologist',)"
Glucophage,"('remove',)"
Glucose Tests,"('remove',)"
Glue Ear,"('otolaryngologist',)"
Gluten Intolerance,"('gastroenterologist',)"
Glycogen Storage Disease,"('endocrinologist',)"
Goitre,"('endocrinologist',)"
Golfer's Elbow,"('orthopedic_surgeon',)"
Gonorrhoea,"('o&g',)"
Goodpasture's Syndrome,"('rheumatologist',)"
GORD,"('gastroenterologist',)"
Goserilin for Breast Cancer,"('remove',)"
Goserilin for Endometriosis,"('remove',)"
Goserilin for Prostate Cancer,"('remove',)"
Gout and Pseudogout,"('rheumatologist',)"
Granuloma Annulare,"('dermatologist',)"
Granulomatosis with Polyangiitis,"('rheumatologist',)"
Grave's Disease,"('endocrinologist',)"
Greater Trochanteric Pain Syndrome,"('neurologist',)"
Grief,"('psychiatrist',)"
Growing Pains,"('orthopedic_surgeon',)"
Guillain-Barre Syndrome,"('neurologist',)"
Gynaecomastia,"('general_surgeon',)"
IBS,"('gastroenterologist',)"
Ibuprofen,"('remove',)"
Idiopathic Intracranial Hypertension,"('ophthalmologist',)"
Idiopathic Pulmonary Fibrosis,"('pulmonologist',)"
Idiopathic Thrombocytopenic Purpura,"('hematologist',)"
Imigran,"('remove',)"
Immunisation,"('remove',)"
Immunodeficiency,"('allergist',)"
Impetigo,"('dermatologist',)"
Incontinence - Urine,"('urologist',)"
Indapamide,"('remove',)"
Indigestion,"('gastroenterologist',)"
Indometacin,"('remove',)"
Infants Health,"('paediatrician',)"
Infectious Disease,"('infection_disease',)"
Infectious Mononucleosis,"('infection_disease',)"
Infective Endocarditis,"('cardiologist',)"
Infertility,"('o&g',)"
Influenza,"('infection_disease',)"
Ingrown Toenail,"('general_surgeon',)"
Inhalers for Asthma,"('pulmonologist',)"
Inhalers for COPD,"('remove',)"
Injuries and Accidents,"('orthopedic_surgeon',)"
Insect Bites/Stings,"('dermatologist',)"
Insomnia,"('neurologist',)"
Interstitial Cystitis,"('urologist',)"
Intrauterine Device/System,"('remove',)"
Intubation,"('remove',)"
Intussusception ,"('general_surgeon',)"
Investigations and Procedures,"('remove',)"
Irbesartan,"('remove',)"
Iron Deficiency Anaemia,"('hematologist',)"
Iron Overload,"('hematologist',)"
Irritable Bowel Syndrome,"('gastroenterologist',)"
Isoconazole,"('remove',)"
Isoniazid,"('remove',)"
Isotretinoin,"('remove',)"
Isradipine,"('remove',)"
Itchy Anus,"('dermatologist',)"
Itchy Vulva,"('dermatologist',)"
Jaundice,"('paediatrician',)"
Jaundice - Neonatal,"('paediatrician',)"
Jet Lag,"('remove',)"
Joint Contracture,"('orthopedic_surgeon',)"
Joint Injections and Aspirations,"('orthopedic_surgeon',)"
Joint Swelling/Pain,"('orthopedic_surgeon',)"
Juvenile Idiopathic Arthritis,"('rheumatologist',)"
Kartageners Syndrome,"('otolaryngologist',)"
Kawasaki's Disease,"('paediatrician',)"
Keloid Scar,"('dermatologist',)"
Ketoconazole,"('remove',)"
Ketoprofen,"('remove',)"
Kidney Failure and CKD,"('nephrologist',)"
Kidney Problems,"('nephrologist',)"
Kidney Stones,"('urologist',)"
Klinefelter's Syndrome,"('endocrinologist',)"
Klippel-Feil Syndrome,"('orthopedic_surgeon',)"
Klippel-Trenaunay-Weber Syndrome,"('vascular_surgeon',)"
Knee Arthroscopy,"('orthopedic_surgeon',)"
Knee Problems,"('orthopedic_surgeon',)"
Korsakoff's Pyschosis,"('endocrinologist',)"
Kyphosis,"('orthopedic_surgeon',)"
Labetalol,"('remove',)"
Labyrinthitis,"('otolaryngologist',)"
Lacidipine,"('remove',)"
Lactose Intolerance,"('gastroenterologist',)"
Lambert-Eaton Myasthenic Syndrome,"('neurologist',)"
Lamotrigine for Epilepsy,"('neurologist',)"
Lansoprazole,"('remove',)"
Laryngitis,"('otolaryngologist',)"
Lateral Epicondylitis,"('orthopedic_surgeon',)"
Latex Allergy,"('dermatologist',)"
Learning Disability,"('psychiatrist',)"
Leg Cramps,"('orthopedic_surgeon',)"
Leg Ulcers,"('general_surgeon',)"
Legal Highs,"('remove',)"
Legg Calve Perthes' Disease,"('orthopedic_surgeon',)"
Leptospirosis,"('infection_disease',)"
Lercanidipine,"('remove',)"
Letrozole,"('remove',)"
Leukaemia,"('hematologist',)"
Levofloxacin,"('remove',)"
Levothyroxine Sodium,"('remove',)"
Lexapro,"('remove',)"
LFTs - Liver Function Tests,"('remove',)"
Lichen Planus,"('dermatologist',)"
Lichen Sclerosus,"('dermatologist',)"
Lipid-lowering Medicines,"('remove',)"
Lipoedema,"('vascular_surgeon',)"
Lipomas,"('general_surgeon',)"
Lisinopril,"('remove',)"
Liver Problems,"('gastroenterologist',)"
Livial,"('remove',)"
Lofepramine,"('remove',)"
Lofexidine,"('remove',)"
Loprazolam,"('remove',)"
Lorazepam,"('remove',)"
Lormetazepam,"('remove',)"
Losartan,"('remove',)"
Losec,"('remove',)"
Losing Weight (Dieting),"('remove',)"
Loss of Appetite,"('psychiatrist',)"
Lower Back Pain,"('orthopedic_surgeon',)"
LRTI,"('otolaryngologist',)"
Lumbar Puncture,"('orthopedic_surgeon',)"
Lupus,"('rheumatologist',)"
Lustral,"('remove',)"
Lyme Disease,"('infection_disease',)"
Lymecycline,"('remove',)"
Lymphadenopathy,"('hematologist',)"
Lymphoedema,"('hematologist',)"
Lymphoma,"('hematologist',)"
Lyrica,"('remove',)"
Mabron,"('remove',)"
Macular Degeneration,"('ophthalmologist',)"
Magnesium Levels,"('remove',)"
Malaena,"('remove',)"
Malaria,"('infection_disease',)"
Male Pattern Baldness,"('internal_medicine',)"
Malignant Melanoma,"('dermatologist',)"
Mallet Finger,"('orthopedic_surgeon',)"
Mammogram,"('breast_surgeon',)"
Mania,"('psychiatrist',)"
Marfan's Syndrome,"('cardiologist',)"
Mastitis,"('breast_surgeon',)"
Mastocytosis and Mast Cell Disorders,"('allergist',)"
Mastoiditis,"('otolaryngologist',)"
Maternity Benefits,"('remove',)"
Maxalt,"('remove',)"
McArdle’s Disease,"('endocrinologist',)"
ME - Myalgic Encephalomyelitis,"('neurologist',)"
Measles,"('infection_disease',)"
Mebeverine Hydrochloride,"('remove',)"
Mediterranean Diet,"('remove',)"
Mefenamic acid,"('remove',)"
Melanoma,"('dermatologist',)"
Meloxicam,"('remove',)"
Memory Loss,"('neurologist',)"
Meniere's Disease,"('otolaryngologist',)"
Meningitis,"('neurologist',)"
Meniscus Injury,"('orthopedic_surgeon',)"
Menopause,"('o&g',)"
Menorrhagia,"('o&g',)"
Menstrual Cycle and Disorders,"('o&g',)"
Mental Health,"('psychiatrist',)"
Mepradec,"('remove',)"
Meptid (Meptazinol),"('remove',)"
Mesalazine for Crohn's Disease,"('gastroenterologist',)"
Mesalazine for Ulcerative Colitis,"('gastroenterologist',)"
Mesothelioma,"('cardiacthoracic_surgeon',)"
Metabolic Disease,"('endocrinologist',)"
Metatarsalgia,"('orthopedic_surgeon',)"
Metformin,"('remove',)"
Methadone,"('remove',)"
Methotrexate,"('remove',)"
Methylprednisolone,"('remove',)"
Metoclopramide,"('remove',)"
Metoprolol,"('remove',)"
Metronidazole,"('remove',)"
Miconazole,"('remove',)"
Micturition Syncope,"('cardiologist',)"
Migraine,"('neurologist',)"
Migraleve,"('remove',)"
Mild Cognitive Impairment,"('neurologist',)"
Miliaria,"('dermatologist',)"
Mini Stroke,"('neurologist',)"
Mini-pill,"('remove',)"
Minocycline,"('remove',)"
Mirena,"('remove',)"
Mirtazapine,"('remove',)"
Miscarriage,"('o&g',)"
Moexipril,"('remove',)"
Molar Pregnancy,"('o&g',)"
Moles,"('dermatologist',)"
Molipaxin,"('remove',)"
Molluscum Contagiosum,"('dermatologist',)"
Mometasone,"('remove',)"
Monotrim,"('remove',)"
Montelukast,"('remove',)"
Morning After Pill,"('remove',)"
Morphine,"('remove',)"
Morton's Neuroma,"('orthopedic_surgeon',)"
Motion Sickness,"('otolaryngologist',)"
Motor Neurone Disease,"('neurologist',)"
Mouth Problems,"('otolaryngologist',)"
Movement Disorders,"('neurologist',)"
Moxifloxacin,"('remove',)"
MRI Scan,"('remove',)"
MRSA,"('infection_disease',)"
Multiple Sclerosis,"('neurologist',)"
Mumps,"('paediatrician',)"
Mupirocin,"('remove',)"
Muscle Disorders,"('neurologist',)"
Myeloma,"('hematologist',)"
Myocardial Infarction,"('cardiologist',)"
Myoclonus,"('neurologist',)"
Nail Disorders,"('dermatologist',)"
Nalidixic acid,"('remove',)"
Nalmefene,"('remove',)"
Naltrexone,"('remove',)"
Naproxen,"('remove',)"
Naratriptan,"('remove',)"
Narcolepsy ,"('neurologist',)"
Nasal Problems,"('otolaryngologist',)"
Nasonex,"('remove',)"
Naturopathic medicine,"('remove',)"
Nausea,"('internal_medicine',)"
NEAD (Non-epileptic Attack Disorder),"('neurologist',)"
Nebivolol,"('remove',)"
Neck Pain,"('orthopedic_surgeon',)"
Nefopam,"('remove',)"
Nephrogenic Diabetes Insipidus ,"('nephrologist',)"
Nephrotic Syndrome,"('nephrologist',)"
Nerve Conduction Studies,"('neurologist',)"
Neurological Disorders,"('neurologist',)"
Neurontin,"('remove',)"
Neuropathic Pain,"('neurologist',)"
Neutropenia,"('internal_medicine',)"
Newborn Health,"('paediatrician',)"
Nexium,"('remove',)"
Nexplanon,"('remove',)"
Nicardipine,"('remove',)"
Nicorandil,"('remove',)"
Nifedipine,"('remove',)"
Nightmares and Terrors,"('neurologist',)"
Nisoldipine,"('remove',)"
Nitrazepam,"('remove',)"
Nitrofurantoin,"('remove',)"
Nits (Head Lice),"('dermatologist',)"
Nocturia,"('urologist',)"
Nocturnal Enuresis,"('urologist',)"
Non-alcoholic Fatty Liver,"('gastroenterologist',)"
Non-epileptic Attack Disorder,"('neurologist',)"
Non-Hodgkin's Lymphoma,"('hematologist',)"
Non-steroidal Anti-inflammatory Drugs (NSAIDS),"('remove',)"
Norethisterone contraceptive injection,"('remove',)"
Norethisterone for Painful or Heavy Periods,"('remove',)"
Norfloxacin,"('remove',)"
Noristerat,"('remove',)"
Norovirus,"('infection_disease',)"
NSAIDS,"('remove',)"
NSU/NGU (Non Specific or Non Gonococcal Urethritis),"('urogyn',)"
Nut Allergy,"('allergist',)"
Nutrition,"('remove',)"
Nystatin,"('remove',)"
Obesity,"('endocrinologist',)"
Obsessive-compulsive Disorder,"('psychiatrist',)"
Obstetric Cholestasis,"('o&g',)"
Obstructive Sleep Apnoea,"('otolaryngologist',)"
Occupational Asthma,"('pulmonologist',)"
Oedema,"('cardiologist',)"
Oesophageal Achalasia and Spasm,"('gastroenterologist',)"
Oesophageal Cancer,"('general_surgeon',)"
Oesophagitis,"('gastroenterologist',)"
Ofloxacin,"('remove',)"
Olanzapine,"('remove',)"
Olecranon Bursitis ,"('orthopedic_surgeon',)"
Olmesartan,"('remove',)"
Omeprazole,"('remove',)"
Ophthalmic Herpes,"('ophthalmologist',)"
Opiates And Opioids,"('remove',)"
Optic Neuritis,"('ophthalmologist',)"
Oral and Dental Problems,"('dentist',)"
Orchitis,"('urologist',)"
Orlistat,"('remove',)"
Orthopaedic Disorders,"('orthopedic_surgeon',)"
Orthostatic Hypotension,"('neurologist',)"
Osgood Schlatter's Disease,"('orthopedic_surgeon',)"
Osteoarthritis,"('orthopedic_surgeon',)"
Osteochondroses,"('orthopedic_surgeon',)"
Osteogenesis Imperfecta,"('orthopedic_surgeon',)"
Osteomalacia,"('orthopedic_surgeon',)"
Osteomyelitis,"('orthopedic_surgeon',)"
Osteoporosis and Osteopenia,"('orthopedic_surgeon',)"
Other Conditions and General Health,"('remove',)"
Otitis Externa,"('otolaryngologist',)"
Otitis Media,"('otolaryngologist',)"
Ovarian Cyst,"('urogyn',)"
Overactive Thyroid,"('endocrinologist',)"
Oxprenolol,"('remove',)"
Oxycodone,"('remove',)"
Oxytetracycline,"('remove',)"
Paget's Disease of Bone,"('orthopedic_surgeon',)"
Pain and Pain Relief,"('orthopedic_surgeon',)"
Palliative Care,"('remove',)"
Palpitations,"('cardiologist',)"
Palsy - Non Cerebral,"('neurologist',)"
Pancreatitis and Pancreatic Disorders,"('gastroenterologist',)"
PANDAS,"('gastroenterologist',)"
Panic Attacks,"('psychiatrist',)"
Pantoprazole,"('remove',)"
Parasitic Infections,"('infection_disease',)"
Parathyroid Disorders,"('endocrinologist',)"
Parkinson's Disease,"('neurologist',)"
Paronychia,"('dermatologist',)"
Parotid Gland Disorders,"('endocrinologist',)"
Paroxetine Hydrochloride,"('remove',)"
Pellagra,"('internal_medicine',)"
Pelvic Pain and Disorders,"('orthopedic_surgeon',)"
Pemphigus and Pemphigoid,"('dermatologist',)"
Penicillin,"('remove',)"
Penis Disorders,"('urologist',)"
Peptic Ulcer Disease,"('gastroenterologist',)"
Perianal abscess,"('gastroenterologist',)"
Pericarditis,"('cardiologist',)"
Perimenopause,"('o&g',)"
Perindopril,"('remove',)"
Periods and Period Problems,"('o&g',)"
Perioral Dermatitis,"('dermatologist',)"
Peritonitis,"('general_surgeon',)"
Pernicious Anaemia,"('neurologist',)"
Personality Disorders,"('psychiatrist',)"
Perthes Disease,"('orthopedic_surgeon',)"
Perthes' Disease,"('orthopedic_surgeon',)"
Pet Allergy,"('remove',)"
Pethidine,"('remove',)"
Peutz–Jeghers syndrome,"('gastroenterologist',)"
Peyronie's Disease,"('urologist',)"
Phaeochromocytoma,"('neurosurgeon',)"
Pharyngeal Pouch,"('otolaryngologist',)"
Pharyngitis,"('otolaryngologist',)"
Phenindione,"('remove',)"
Phenytoin,"('remove',)"
Phimosis and Paraphimosis,"('urologist',)"
Phobia,"('psychiatrist',)"
Phosphate Levels,"('remove',)"
PID - Pelvic Inflammatory Disease,"('urogyn',)"
Pigeon Chest,"('cardiacthoracic_surgeon',)"
Piles,"('general_surgeon',)"
Pilonidal Sinus,"('general_surgeon',)"
PIP - Personal Independence Payment,"('remove',)"
Piroxicam,"('remove',)"
Pituitary Disorders,"('endocrinologist',)"
Pityriasis Lichenoides,"('allergist',)"
Pityriasis Rosea,"('allergist',)"
Pityriasis Versicolor,"('allergist',)"
Pizotifen,"('remove',)"
PKU - Phenylketonuria,"('nephrologist',)"
Plantar Fasciitis,"('orthopedic_surgeon',)"
Platelet Disorders,"('hematologist',)"
Pleurisy/Pleural Effusion,"('pulmonologist',)"
Pneumonia,"('pulmonologist',)"
Pneumonitis,"('pulmonologist',)"
Pneumothorax,"('pulmonologist',)"
Poems Syndrome,"('hematologist',)"
Poisoning,"('internal_medicine',)"
Polyarthritis,"('rheumatologist',)"
Polycystic Kidney Disease,"('nephrologist',)"
Polycystic Ovary Syndrome,"('o&g',)"
Polycythaemia Rubra Vera,"('hematologist',)"
Polymyalgia Rheumatica and GCA,"('rheumatologist',)"
Polymyxins,"('infection_disease',)"
Polyps - Bowel,"('gastroenterologist',)"
Polyps - Cervical,"('gastroenterologist',)"
Pompe's Disease,"('neurologist',)"
Pompholyx,"('dermatologist',)"
Porphyria,"('hematologist',)"
Portal Hypertension,"('gastroenterologist',)"
Port-wine Stain,"('dermatologist',)"
Post Polio Syndrome,"('neurologist',)"
Postherpetic Neuralgia,"('neurologist',)"
Postnatal Depression,"('psychiatrist',)"
Postural Orthostatic Tachycardia Syndrome (POTS),"('cardiologist',)"
Potassium Levels,"('internal_medicine',)"
Pravastatin,"('remove',)"
Pre-diabetes,"('endocrinologist',)"
Prednisolone,"('remove',)"
Pre-eclampsia,"('o&g',)"
Pregabalin,"('remove',)"
Pregnancy - Ectopic,"('o&g',)"
Pregnancy and Genetic Disorders,"('o&g',)"
Premature Ejaculation,"('urologist',)"
Premenstrual Syndrome,"('o&g',)"
Pressure Sores,"('vascular_surgeon',)"
Prevacid,"('remove',)"
Prickly Heat,"('dermatologist',)"
Prilosec,"('remove',)"
Primary Biliary Cirrhosis,"('gastroenterologist',)"
Primary Ciliary Dyskinesia,"('otolaryngologist',)"
Primolut N,"('remove',)"
Prinzmetal's Angina,"('cardiologist',)"
Problem Drinking,"('psychiatrist',)"
Prochlorperazine,"('remove',)"
Proctalgia,"('remove',)"
Prolapse - Genitourinary,"('urogyn',)"
Prolapsed Disc,"('orthopedic_surgeon',)"
Propranolol,"('remove',)"
Prostate Cancer,"('urologist',)"
Prostate Problems,"('urologist',)"
Protein S Deficiency,"('hematologist',)"
Proteinuria,"('nephrologist',)"
Proton Pump Inhibitors,"('remove',)"
Prozac,"('remove',)"
Prurigo Nodularis,"('dermatologist',)"
Pruritus Ani,"('dermatologist',)"
Pruritus Vulvae,"('dermatologist',)"
Pseudoexfoliation,"('remove',)"
Pseudogout,"('rheumatologist',)"
Pseudomonas,"('infection_disease',)"
Psoriasis and Psoriatic Arthritis,"('dermatologist',)"
PTSD - Post Traumatic Stress Disorder,"('psychiatrist',)"
Puberty,"('endocrinologist',)"
Pubic Lice (Crabs),"('dermatologist',)"
Pulmonary Embolism,"('vascular_surgeon',)"
Pulmonary Fibrosis,"('pulmonologist',)"
Pulmonary Hypertension,"('pulmonologist',)"
Pyelonephritis,"('urologist',)"
Pyoderma Gangrenosum,"('gastroenterologist',)"
Pyrexia of Unknown Origin (PUO),"('internal_medicine',)"
Quetiapine,"('remove',)"
Quinapril,"('remove',)"
Quinolone Antibiotics,"('remove',)"
Quinsy,"('remove',)"
Rabeprazole,"('remove',)"
Ramipril,"('remove',)"
Ranitidine,"('remove',)"
Rash - Urticarial,"('dermatologist',)"
Rashes,"('dermatologist',)"
Raynaud's Phenomenon,"('rheumatologist',)"
Reactive Arthritis,"('rheumatologist',)"
Rectal Bleeding,"('general_surgeon',)"
Red Eye,"('ophthalmologist',)"
Reflexology,"('remove',)"
Reflux Oesophagitis,"('gastroenterologist',)"
Reiter's Syndrome,"('rheumatologist',)"
Relpax,"('remove',)"
Remeron,"('remove',)"
Renal Failure,"('nephrologist',)"
Renal Fanconi's Syndrome,"('nephrologist',)"
Repetitive Strain Injury,"('orthopedic_surgeon',)"
Respiratory Symptoms and Disorders,"('pulmonologist',)"
Restless Legs Syndrome,"('neurologist',)"
Retention of Urine,"('urologist',)"
Retinal Problems,"('ophthalmologist',)"
Retroperitoneal Fibrosis,"('nephrologist',)"
Rett Syndrome,"('neurologist',)"
Rewisca,"('neurologist',)"
Rheumatic Fever,"('rheumatologist',)"
Rheumatoid Arthritis,"('rheumatologist',)"
Rhinitis,"('otolaryngologist',)"
Rib Injuries,"('orthopedic_surgeon',)"
Rickets,"('endocrinologist',)"
Rifampicin,"('remove',)"
Ringworm,"('dermatologist',)"
Risperidone,"('remove',)"
Rivaroxaban,"('remove',)"
Rizatriptan,"('remove',)"
Roaccutane,"('remove',)"
Rosacea,"('remove',)"
Roseola,"('paediatrician',)"
Rosuvastatin,"('remove',)"
Rotator Cuff Injury,"('orthopedic_surgeon',)"
Rubella,"('infection_disease',)"
Salazopyrin,"('remove',)"
Salivary Gland Disorders,"('otolaryngologist',)"
Salmonella,"('remove',)"
Sarcoidosis,"('pulmonologist',)"
Scabies,"('dermatologist',)"
Scans,"('remove',)"
Scarlet Fever,"('paediatrician',)"
Scheuermann's Disease,"('orthopedic_surgeon',)"
Schizophrenia,"('psychiatrist',)"
Sciatica,"('neurologist',)"
Scleritis And Episcleritis,"('ophthalmologist',)"
Sclerodoma/Systemic Sclerosis,"('rheumatologist',)"
Scoliosis and Kyphosis,"('orthopedic_surgeon',)"
Seasonal Affective Disorder,"('psychiatrist',)"
Sebaceous Cysts,"('dermatologist',)"
Seborrhoeic dermatitis,"('dermatologist',)"
Seizures - Non-epileptic,"('neurologist',)"
Self-harming,"('psychiatrist',)"
Selincro,"('remove',)"
Septic Arthritis,"('orthopedic_surgeon',)"
Septicaemia,"('remove',)"
Septrin,"('remove',)"
Seroquel,"('remove',)"
Serotonin Syndrome,"('psychiatrist',)"
Seroxat,"('remove',)"
Sertraline,"('remove',)"
Sex Chromosome Aneuploidies,"('remove',)"
Sexual Health,"('urologist',)"
Shingles,"('dermatologist',)"
Shoulder Frozen,"('orthopedic_surgeon',)"
Shoulder Problems,"('orthopedic_surgeon',)"
Sickle Cell Disease,"('hematologist',)"
Sigmoidoscopy,"('general_surgeon',)"
Sildenafil,"('remove',)"
Simvastatin,"('remove',)"
Sinusitis,"('otolaryngologist',)"
Sjogren's Syndrome,"('rheumatologist',)"
Skin Cancer and Carcinoma,"('dermatologist',)"
Skin Conditions,"('dermatologist',)"
Slapped Cheek Disease,"('remove',)"
SLE - Systemic Lupus Erythematosus,"('rheumatologist',)"
Sleep Problems,"('otolaryngologist',)"
Slipped Capital Femoral Epiphysis,"('orthopedic_surgeon',)"
Slipped Disc,"('orthopedic_surgeon',)"
Smell Disorders,"('neurologist',)"
Smoker's Cough,"('pulmonologist',)"
Smoking,"('psychiatrist',)"
Snoring,"('otolaryngologist',)"
Social Anxiety Disorder,"('psychiatrist',)"
Sodium Levels,"('remove',)"
Solar Keratosis,"('dermatologist',)"
Somatisation,"('internal_medicine',)"
Sore Throat,"('otolaryngologist',)"
Sotalol,"('remove',)"
Spasmodic Torticollis,"('neurologist',)"
Speech Disorders,"('neurologist',)"
Spina Bifida,"('paediatrician',)"
Spinal Problems,"('orthopedic_surgeon',)"
Spironolactone,"('remove',)"
Spleen Disorders and Splenectomy,"('general_surgeon',)"
Sports Injuries,"('orthopedic_surgeon',)"
Sprained Ankle,"('orthopedic_surgeon',)"
Squint,"('ophthalmologist',)"
Staphylococcus aureus,"('infection_disease',)"
Statins and Other Lipid-lowering Medicines,"('remove',)"
Statutory Sick Pay,"('remove',)"
STD/STI,"('infection_disease',)"
Stemetil,"('remove',)"
Steroids,"('remove',)"
Stevens-Johnson Syndrome,"('remove',)"
Stings or Bites,"('dermatologist',)"
Stomach Ulcer,"('gastroenterologist',)"
Stress,"('psychiatrist',)"
Stress Incontinence,"('psychiatrist',)"
Stroke and TIA,"('neurologist',)"
Student's Elbow,"('orthopedic_surgeon',)"
Stye,"('ophthalmologist',)"
Subarachnoid Haemorrhage,"('neurosurgeon',)"
Suboxone,"('remove',)"
Substance Misuse,"('psychiatrist',)"
Subutex,"('remove',)"
Sulfasalazine for Crohn's Disease,"('remove',)"
Sulfasalazine for Rheumatoid Arthritis,"('remove',)"
Sulfasalazine for Ulcerative Colitis,"('remove',)"
Sulpiride,"('remove',)"
Sumatriptan,"('remove',)"
Sunburn,"('dermatologist',)"
Supraventricular Tachycardia,"('cardiologist',)"
Surgery and Anaesthetics,"('plastic_surgeon',)"
Sweating,"('dermatologist',)"
Sweets Syndrome,"('dermatologist',)"
Swollen Ankles/Legs,"('orthopedic_surgeon',)"
Swollen Lymph Glands,"('general_surgeon',)"
Sydenham's Chorea,"('rheumatologist',)"
Syncope,"('cardiologist',)"
Synthroid,"('remove',)"
Syphilis,"('infection_disease',)"
Tambocor,"('remove',)"
Tamsulosin,"('remove',)"
Tapentadol,"('remove',)"
Tarui's Disease,"('paediatrician',)"
Taste Disorders,"('otolaryngologist',)"
Teething,"('paediatrician',)"
Telithromycin,"('remove',)"
Telogen Effluvium,"('dermatologist',)"
Temazepam,"('remove',)"
Temporal Arteritis,"('rheumatologist',)"
Temporomandibular Joint Disorders (TMJ),"('maxillofacial',)"
Tendon Problems,"('orthopedic_surgeon',)"
Tennis Elbow,"('orthopedic_surgeon',)"
TENS Machines,"('remove',)"
Terbinafine,"('remove',)"
Testicular Pain and Disorders,"('urologist',)"
Tests - Blood,"('remove',)"
Tests - Non Blood,"('remove',)"
Tetrabenazine,"('remove',)"
Tetracycline,"('remove',)"
Tetralogy Of Fallot,"('cardiacthoracic_surgeon',)"
Thalassaemia,"('hematologist',)"
Thiazide,"('remove',)"
Thoracic Outlet Syndrome,"('cardiacthoracic_surgeon',)"
THR,"('orthopedic_surgeon',)"
Threadworm,"('infection_disease',)"
Thrombocytopathies,"('hematologist',)"
Thromboembolism,"('hematologist',)"
Thrombophlebitis,"('vascular_surgeon',)"
Thrush - Genital,"('dermatologist',)"
Thrush - Oral,"('dermatologist',)"
Thyroid - Overactive,"('endocrinologist',)"
Thyroid - Underactive,"('endocrinologist',)"
Thyroid and Parathyroid Disorders,"('endocrinologist',)"
TIA - Transient Ischaemic Attack,"('neurologist',)"
Tibolone,"('remove',)"
Tic Disorders,"('neurologist',)"
Tietze's Syndrome,"('rheumatologist',)"
Tilodol,"('remove',)"
Tinea,"('dermatologist',)"
Tinidazole,"('remove',)"
Tinnitus,"('otolaryngologist',)"
Tiredness/General Fatigue,"('neurologist',)"
TKR - Total Knee Replacement,"('orthopedic_surgeon',)"
TMJ Disorder,"('maxillofacial',)"
Toe Problems,"('orthopedic_surgeon',)"
Tolosa Hunt Syndrome,"('neurosurgeon',)"
Tonsil Stones,"('otolaryngologist',)"
Tonsillitis,"('otolaryngologist',)"
Tooth Abscess,"('dentist',)"
Toothache,"('dentist',)"
Topiramate,"('remove',)"
Torasemide,"('remove',)"
Torsion of Testis,"('urologist',)"
Torticollis,"('neurologist',)"
Total Hip Replacement,"('orthopedic_surgeon',)"
Tourette's Syndrome,"('neurologist',)"
Toxic Epidermal Necrolysis,"('dermatologist',)"
Toxoplasmosis,"('infection_disease',)"
Tramadol,"('remove',)"
Trandolapril,"('remove',)"
Tranexamic acid for bleeding,"('remove',)"
Tranexamic Acid for Heavy Periods,"('remove',)"
Transposition Of Great Arteries,"('remove',)"
Trapped Nerve,"('neurologist',)"
Travel Related Illness,"('remove',)"
Trazodone,"('remove',)"
Tremors,"('neurologist',)"
Triamterene,"('remove',)"
Triapin,"('remove',)"
Trichomonas,"('infection_disease',)"
Trichotillomania,"('psychiatrist',)"
Trigeminal Neuralgia,"('neurosurgeon',)"
Trigger Finger,"('orthopedic_surgeon',)"
Tritace,"('remove',)"
Trochanteric Pain Syndrome/Burstitis,"('orthopedic_surgeon',)"
Tubal Ligation,"('o&g',)"
Tuberculosis,"('infection_disease',)"
Tuberous Sclerosis,"('cardiologist',)"
Tumours,"('general_surgeon',)"
Turner Syndrome,"('endocrinologist',)"
Turner's Syndrome,"('endocrinologist',)"
Type 1 Diabetes,"('endocrinologist',)"
Type 2 Diabetes,"('endocrinologist',)"
Ulcer - Leg,"('orthopedic_surgeon',)"
Ulcer - Mouth,"('otolaryngologist',)"
Ulcer - Stomach,"('gastroenterologist',)"
Ulcerative Colitis,"('gastroenterologist',)"
Underactive Thyroid,"('endocrinologist',)"
Upper Gastrointestinal Endoscopy,"('gastroenterologist',)"
Urethral Discharge,"('urologist',)"
Urethral Disorders,"('urologist',)"
Urge Incontinence,"('urologist',)"
Urinary Incontinence,"('urologist',)"
Urinary Symptoms and Problems,"('urologist',)"
Urinary Tract Infection,"('urologist',)"
URTI,"('urologist',)"
Urticarial Rash,"('dermatologist',)"
Uterine Fibroids,"('urogyn',)"
UTI,"('urologist',)"
Utovlan,"('remove',)"
Vaccinations and Immunisations,"('remove',)"
Vaginal Atrophy or Dryness,"('urogyn',)"
Vaginal Discharge,"('urogyn',)"
Vaginal Thrush,"('urogyn',)"
Vaginismus,"('urogyn',)"
Valium,"('remove',)"
Valsartan,"('remove',)"
Vancomycin,"('remove',)"
Varicocele,"('urologist',)"
Varicose Vein,"('general_surgeon',)"
Vasculitis,"('rheumatologist',)"
Vasectomy,"('urologist',)"
Vasovagal Syncope,"('cardiologist',)"
Venlafaxine,"('remove',)"
Venous Leg Ulcers,"('vascular_surgeon',)"
Venous Thromboembolism,"('vascular_surgeon',)"
Verapamil,"('remove',)"
Verrucas and Warts,"('dermatologist',)"
Vertigo and Dizziness,"('neurologist',)"
Vestibular Neuritis,"('otolaryngologist',)"
Viagra,"('remove',)"
Vision Problems,"('ophthalmologist',)"
Vitamin B12 Deficiency,"('internal_medicine',)"
Vitamin Deficiency,"('internal_medicine',)"
Vitiligo,"('dermatologist',)"
Vomiting,"('remove',)"
Von Gierke's Disease,"('endocrinologist',)"
Von Willebrand's Disease,"('hematologist',)"
Vulval Intra-epithelial Neoplasia (VIN),"('urogyn',)"
Vulval Problems,"('urogyn',)"
Warfarin,"('remove',)"
Warts - Genital,"('dermatologist',)"
Warts And Verrucas,"('dermatologist',)"
Watering Eyes,"('ophthalmologist',)"
Wegener's Granulomatosis,"('pulmonologist',)"
Weight Loss - Intentional,"('remove',)"
Weight Loss and Gain - Unintentional,"('remove',)"
Wernicke-Korsakoff Syndrome,"('internal_medicine',)"
Whooping Cough,"('internal_medicine',)"
Wilson's Disease,"('gastroenterologist',)"
Wiskott Aldrich Syndrome,"('hematologist',)"
Wolff-Parkinson-White Syndrome,"('hematologist',)"
Wrist Injuries,"('orthopedic_surgeon',)"
Writer's Cramp,"('neurologist',)"
X Rays,"('remove',)"
Xenical,"('remove',)"
Xipamide,"('remove',)"
XLP - X-Linked Lymphoproliferative Syndrome,"('hematologist',)"
XXY and other SCAs,"('remove',)"
Yeast Infections - Genital,"('dermatologist',)"
Yeast Infections - Non Genital,"('dermatologist',)"
Zalasta,"('remove',)"
Zamadol,"('remove',)"
Zantac,"('remove',)"
Zinc Deficiency,"('remove',)"
Zispin SolTab,"('remove',)"
Zithromax,"('remove',)"
Zoladex for Breast Cancer,"('remove',)"
Zoladex for Endometriosis,"('remove',)"
Zoladex for Prostate Cancer,"('remove',)"
Zolmitriptan,"('remove',)"
Zoloft,"('remove',)"
Zolpidem,"('remove',)"
Zopiclone,"('remove',)"
Zyprexa,"('remove',)"
